Bucket;FileName
fpkdepan-mcf;2025051322025142435643_fpkdepan-mcf_Applicant.jpeg
tempatusahadepan-mcf;2025051322025142435643_tempatusahadepan-mcf_Applicant.jpeg
rumahdepan-mcf;2025051322025142435643_rumahdepan-mcf_Applicant.jpeg
pasanganttdcmo-mcf;2025051322025142435643_pasanganttdcmo-mcf_Applicant.jpeg
nasabahttdcmo-mcf;2025051322025142435643_nasabahttdcmo-mcf_Applicant.jpeg
allobank-mcf;2025051322025142435643_allobank-mcf_Applicant.jpeg
rumahjalan-mcf;2025051322025142435643_rumahjalan-mcf_Applicant.jpeg
salaryslip-mcf;2025051322025142435643_salaryslip-mcf_Applicant.jpeg
nomorrumah-mcf;2025051322025142435643_nomorrumah-mcf_Applicant.jpeg
dalamrumah-mcf;2025051322025142435643_dalamrumah-mcf_Applicant.jpeg
pricelist-mcf;2025051322025142435643_pricelist-mcf_Applicant.jpeg
pbbrekening-mcf;2025051022025142427801_pbbrekening-mcf_Applicant.jpeg
kksuratnikah-mcf;2025051022025142427801_kksuratnikah-mcf_Applicant.jpeg
halamandepanbukutabungan-mcf;2025051022025142427801_halamandepanbukutabungan-mcf_Applicant.jpeg
fpkbelakang-mcf;2025051022025142427801_fpkbelakang-mcf_Applicant.jpeg
fpkdepan-mcf;2025051022025142427801_fpkdepan-mcf_Applicant.jpeg
tempatusahadepan-mcf;2025051022025142427801_tempatusahadepan-mcf_Applicant.jpeg
rumahdepan-mcf;2025051022025142427801_rumahdepan-mcf_Applicant.jpeg
pasanganttdcmo-mcf;2025051022025142427801_pasanganttdcmo-mcf_Applicant.jpeg
nasabahttdcmo-mcf;2025051022025142427801_nasabahttdcmo-mcf_Applicant.jpeg
allobank-mcf;2025051022025142427801_allobank-mcf_Applicant.jpeg
rumahjalan-mcf;2025051022025142427801_rumahjalan-mcf_Applicant.jpeg
salaryslip-mcf;2025051022025142427801_salaryslip-mcf_Applicant.jpeg
nomorrumah-mcf;2025051022025142427801_nomorrumah-mcf_Applicant.jpeg
dalamrumah-mcf;2025051022025142427801_dalamrumah-mcf_Applicant.jpeg
pricelist-mcf;2025051022025142427801_pricelist-mcf_Applicant.jpeg
pbbrekening-mcf;2025051422023010886999_pbbrekening-mcf_Applicant.jpeg
kksuratnikah-mcf;2025051422023010886999_kksuratnikah-mcf_Applicant.jpeg
halamandepanbukutabungan-mcf;2025051422023010886999_halamandepanbukutabungan-mcf_Applicant.jpeg
fpkbelakang-mcf;2025051422023010886999_fpkbelakang-mcf_Applicant.jpeg
fpkdepan-mcf;2025051422023010886999_fpkdepan-mcf_Applicant.jpeg
tempatusahadepan-mcf;2025051422023010886999_tempatusahadepan-mcf_Applicant.jpeg
rumahdepan-mcf;2025051422023010886999_rumahdepan-mcf_Applicant.jpeg
pasanganttdcmo-mcf;2025051422023010886999_pasanganttdcmo-mcf_Applicant.jpeg
nasabahttdcmo-mcf;2025051422023010886999_nasabahttdcmo-mcf_Applicant.jpeg
allobank-mcf;2025051422023010886999_allobank-mcf_Applicant.jpeg
rumahjalan-mcf;2025051422023010886999_rumahjalan-mcf_Applicant.jpeg
bpkbdepan-mcf;2025051422023010886999_bpkbdepan-mcf_Applicant.jpeg
bpkbbelakang-mcf;2025051422023010886999_bpkbbelakang-mcf_Applicant.jpeg
stnkpajak-mcf;2025051422023010886999_stnkpajak-mcf_Applicant.jpeg
unitdepankanan-mcf;2025051422023010886999_unitdepankanan-mcf_Applicant.jpeg
unitdepankiri-mcf;2025051422023010886999_unitdepankiri-mcf_Applicant.jpeg
salaryslip-mcf;2025051422023010886999_salaryslip-mcf_Applicant.jpeg
nomorrumah-mcf;2025051422023010886999_nomorrumah-mcf_Applicant.jpeg
dalamrumah-mcf;2025051422023010886999_dalamrumah-mcf_Applicant.jpeg
rangkanomesin-mcf;2025051422023010886999_rangkanomesin-mcf_Applicant.jpeg
pbbrekening-mcf;2025051422024395372709_pbbrekening-mcf_Applicant.jpeg
kksuratnikah-mcf;2025051422024395372709_kksuratnikah-mcf_Applicant.jpeg
halamandepanbukutabungan-mcf;2025051422024395372709_halamandepanbukutabungan-mcf_Applicant.jpeg
fpkbelakang-mcf;2025051422024395372709_fpkbelakang-mcf_Applicant.jpeg
fpkdepan-mcf;2025051422024395372709_fpkdepan-mcf_Applicant.jpeg
tempatusahadepan-mcf;2025051422024395372709_tempatusahadepan-mcf_Applicant.jpeg
rumahdepan-mcf;2025051422024395372709_rumahdepan-mcf_Applicant.jpeg
pasanganttdcmo-mcf;2025051422024395372709_pasanganttdcmo-mcf_Applicant.jpeg
nasabahttdcmo-mcf;2025051422024395372709_nasabahttdcmo-mcf_Applicant.jpeg
allobank-mcf;2025051422024395372709_allobank-mcf_Applicant.jpeg
rumahjalan-mcf;2025051422024395372709_rumahjalan-mcf_Applicant.jpeg
salaryslip-mcf;2025051422024395372709_salaryslip-mcf_Applicant.jpeg
nomorrumah-mcf;2025051422024395372709_nomorrumah-mcf_Applicant.jpeg
dalamrumah-mcf;2025051422024395372709_dalamrumah-mcf_Applicant.jpeg
pricelist-mcf;2025051422024395372709_pricelist-mcf_Applicant.jpeg
pbbrekening-mcf;2025051522024492021314_pbbrekening-mcf_Applicant.jpeg
kksuratnikah-mcf;2025051522024492021314_kksuratnikah-mcf_Applicant.jpeg
halamandepanbukutabungan-mcf;2025051522024492021314_halamandepanbukutabungan-mcf_Applicant.jpeg
fpkbelakang-mcf;2025051522024492021314_fpkbelakang-mcf_Applicant.jpeg
fpkdepan-mcf;2025051522024492021314_fpkdepan-mcf_Applicant.jpeg
tempatusahadepan-mcf;2025051522024492021314_tempatusahadepan-mcf_Applicant.jpeg
rumahdepan-mcf;2025051522024492021314_rumahdepan-mcf_Applicant.jpeg
pasanganttdcmo-mcf;2025051522024492021314_pasanganttdcmo-mcf_Applicant.jpeg
nasabahttdcmo-mcf;2025051522024492021314_nasabahttdcmo-mcf_Applicant.jpeg
allobank-mcf;2025051522024492021314_allobank-mcf_Applicant.jpeg
rumahjalan-mcf;2025051522024492021314_rumahjalan-mcf_Applicant.jpeg
salaryslip-mcf;2025051522024492021314_salaryslip-mcf_Applicant.jpeg
nomorrumah-mcf;2025051522024492021314_nomorrumah-mcf_Applicant.jpeg
dalamrumah-mcf;2025051522024492021314_dalamrumah-mcf_Applicant.jpeg
pricelist-mcf;2025051522024492021314_pricelist-mcf_Applicant.jpeg
allobank-mcf;2025051522023427891545_allobank-mcf_Applicant.jpeg
rumahjalan-mcf;2025051522023427891545_rumahjalan-mcf_Applicant.jpeg
salaryslip-mcf;2025051522023427891545_salaryslip-mcf_Applicant.jpeg
nomorrumah-mcf;2025051522023427891545_nomorrumah-mcf_Applicant.jpeg
dalamrumah-mcf;2025051522023427891545_dalamrumah-mcf_Applicant.jpeg
pricelist-mcf;2025051522023427891545_pricelist-mcf_Applicant.jpeg
pbbrekening-mcf;2025051522022267674833_pbbrekening-mcf_Applicant.jpeg
kksuratnikah-mcf;2025051522022267674833_kksuratnikah-mcf_Applicant.jpeg
halamandepanbukutabungan-mcf;2025051522022267674833_halamandepanbukutabungan-mcf_Applicant.jpeg
fpkbelakang-mcf;2025051522022267674833_fpkbelakang-mcf_Applicant.jpeg
fpkdepan-mcf;2025051522022267674833_fpkdepan-mcf_Applicant.jpeg
tempatusahadepan-mcf;2025051522022267674833_tempatusahadepan-mcf_Applicant.jpeg
rumahdepan-mcf;2025051522022267674833_rumahdepan-mcf_Applicant.jpeg
dalamrumah-mcf;2025051922023514640659_dalamrumah-mcf_Applicant.jpeg
pricelist-mcf;2025051922023514640659_pricelist-mcf_Applicant.jpeg
pbbrekening-mcf;2025052022021302575662_pbbrekening-mcf_Applicant.jpeg
kksuratnikah-mcf;2025052022021302575662_kksuratnikah-mcf_Applicant.jpeg
halamandepanbukutabungan-mcf;2025052022021302575662_halamandepanbukutabungan-mcf_Applicant.jpeg
fpkbelakang-mcf;2025052022021302575662_fpkbelakang-mcf_Applicant.jpeg
fpkdepan-mcf;2025052022021302575662_fpkdepan-mcf_Applicant.jpeg
tempatusahadepan-mcf;2025052022021302575662_tempatusahadepan-mcf_Applicant.jpeg
rumahdepan-mcf;2025052022021302575662_rumahdepan-mcf_Applicant.jpeg
pasanganttdcmo-mcf;2025052022021302575662_pasanganttdcmo-mcf_Applicant.jpeg
nasabahttdcmo-mcf;2025052022021302575662_nasabahttdcmo-mcf_Applicant.jpeg
allobank-mcf;2025052022021302575662_allobank-mcf_Applicant.jpeg
rumahjalan-mcf;2025052022021302575662_rumahjalan-mcf_Applicant.jpeg
salaryslip-mcf;2025052022021302575662_salaryslip-mcf_Applicant.jpeg
nomorrumah-mcf;2025052022021302575662_nomorrumah-mcf_Applicant.jpeg
dalamrumah-mcf;2025052022021302575662_dalamrumah-mcf_Applicant.jpeg
pricelist-mcf;2025052022021302575662_pricelist-mcf_Applicant.jpeg
pbbrekening-mcf;2025052022024411612539_pbbrekening-mcf_Applicant.jpeg
fpkbelakang-mcf;2025052022023365192975_fpkbelakang-mcf_Applicant.jpeg
fpkdepan-mcf;2025052022023365192975_fpkdepan-mcf_Applicant.jpeg
tempatusahadepan-mcf;2025052022023365192975_tempatusahadepan-mcf_Applicant.jpeg
rumahdepan-mcf;2025052022023365192975_rumahdepan-mcf_Applicant.jpeg
pasanganttdcmo-mcf;2025052022023365192975_pasanganttdcmo-mcf_Applicant.jpeg
nasabahttdcmo-mcf;2025052022023365192975_nasabahttdcmo-mcf_Applicant.jpeg
allobank-mcf;2025052022023365192975_allobank-mcf_Applicant.jpeg
rumahjalan-mcf;2025052022023365192975_rumahjalan-mcf_Applicant.jpeg
salaryslip-mcf;2025052022023365192975_salaryslip-mcf_Applicant.jpeg
nomorrumah-mcf;2025052022023365192975_nomorrumah-mcf_Applicant.jpeg
dalamrumah-mcf;2025052022023365192975_dalamrumah-mcf_Applicant.jpeg
pricelist-mcf;2025052022023365192975_pricelist-mcf_Applicant.jpeg
buktipenghasilanusaha-mcf;2025052022023365192975_buktipenghasilanusaha-mcf_Applicant.jpeg
perizinanusaha-mcf;2025052022023365192975_perizinanusaha-mcf_Applicant.jpeg
buktikepemilikanusaha-mcf;2025052022023365192975_buktikepemilikanusaha-mcf_Applicant.jpeg
kksuratnikah-mcf;2025052022024411612539_kksuratnikah-mcf_Applicant.jpeg
halamandepanbukutabungan-mcf;2025052022024411612539_halamandepanbukutabungan-mcf_Applicant.jpeg
fpkbelakang-mcf;2025052022024411612539_fpkbelakang-mcf_Applicant.jpeg
fpkdepan-mcf;2025052022024411612539_fpkdepan-mcf_Applicant.jpeg
tempatusahadepan-mcf;2025052022024411612539_tempatusahadepan-mcf_Applicant.jpeg
rumahdepan-mcf;2025052022024411612539_rumahdepan-mcf_Applicant.jpeg
pasanganttdcmo-mcf;2025052022024411612539_pasanganttdcmo-mcf_Applicant.jpeg
nasabahttdcmo-mcf;2025052022024411612539_nasabahttdcmo-mcf_Applicant.jpeg
allobank-mcf;2025052022024411612539_allobank-mcf_Applicant.jpeg
rumahjalan-mcf;2025052022024411612539_rumahjalan-mcf_Applicant.jpeg
salaryslip-mcf;2025052022024411612539_salaryslip-mcf_Applicant.jpeg
nomorrumah-mcf;2025052022024411612539_nomorrumah-mcf_Applicant.jpeg
dalamrumah-mcf;2025052022024411612539_dalamrumah-mcf_Applicant.jpeg
pricelist-mcf;2025052022024411612539_pricelist-mcf_Applicant.jpeg
pbbrekening-mcf;2025052022023365192975_pbbrekening-mcf_Applicant.jpeg
kksuratnikah-mcf;2025052022023365192975_kksuratnikah-mcf_Applicant.jpeg
halamandepanbukutabungan-mcf;2025052022023365192975_halamandepanbukutabungan-mcf_Applicant.jpeg
fpkbelakang-mcf;2025052022024270279888_fpkbelakang-mcf_Applicant.jpeg
fpkdepan-mcf;2025052022024270279888_fpkdepan-mcf_Applicant.jpeg
tempatusahadepan-mcf;2025052022024270279888_tempatusahadepan-mcf_Applicant.jpeg
rumahdepan-mcf;2025052022024270279888_rumahdepan-mcf_Applicant.jpeg
pasanganttdcmo-mcf;2025052022024270279888_pasanganttdcmo-mcf_Applicant.jpeg
nasabahttdcmo-mcf;2025052022024270279888_nasabahttdcmo-mcf_Applicant.jpeg
allobank-mcf;2025052022024270279888_allobank-mcf_Applicant.jpeg
rumahjalan-mcf;2025052022024270279888_rumahjalan-mcf_Applicant.jpeg
salaryslip-mcf;2025052022024270279888_salaryslip-mcf_Applicant.jpeg
nomorrumah-mcf;2025052022024270279888_nomorrumah-mcf_Applicant.jpeg
dalamrumah-mcf;2025052022024270279888_dalamrumah-mcf_Applicant.jpeg
pricelist-mcf;2025052022024270279888_pricelist-mcf_Applicant.jpeg
pbbrekening-mcf;2025052022021302528002_pbbrekening-mcf_Applicant.jpeg
kksuratnikah-mcf;2025052022021302528002_kksuratnikah-mcf_Applicant.jpeg
halamandepanbukutabungan-mcf;2025052022021302528002_halamandepanbukutabungan-mcf_Applicant.jpeg
fpkbelakang-mcf;2025052022021302528002_fpkbelakang-mcf_Applicant.jpeg
fpkdepan-mcf;2025052022021302528002_fpkdepan-mcf_Applicant.jpeg
tempatusahadepan-mcf;2025052022021302528002_tempatusahadepan-mcf_Applicant.jpeg
pbbrekening-mcf;2025052022024270279888_pbbrekening-mcf_Applicant.jpeg
kksuratnikah-mcf;2025052022024270279888_kksuratnikah-mcf_Applicant.jpeg
halamandepanbukutabungan-mcf;2025052022024270279888_halamandepanbukutabungan-mcf_Applicant.jpeg
rumahjalan-mcf;2025052022024391219462_rumahjalan-mcf_Applicant.jpeg
bpkbdepan-mcf;2025052022024391219462_bpkbdepan-mcf_Applicant.jpeg
bpkbbelakang-mcf;2025052022024391219462_bpkbbelakang-mcf_Applicant.jpeg
stnkpajak-mcf;2025052022024391219462_stnkpajak-mcf_Applicant.jpeg
unitdepankanan-mcf;2025052022024391219462_unitdepankanan-mcf_Applicant.jpeg
unitdepankiri-mcf;2025052022024391219462_unitdepankiri-mcf_Applicant.jpeg
salaryslip-mcf;2025052022024391219462_salaryslip-mcf_Applicant.jpeg
nomorrumah-mcf;2025052022024391219462_nomorrumah-mcf_Applicant.jpeg
dalamrumah-mcf;2025052022024391219462_dalamrumah-mcf_Applicant.jpeg
rangkanomesin-mcf;2025052022024391219462_rangkanomesin-mcf_Applicant.jpeg
rumahjalan-mcf;2025052022023518478520_rumahjalan-mcf_Applicant.jpeg
salaryslip-mcf;2025052022023518478520_salaryslip-mcf_Applicant.jpeg
nomorrumah-mcf;2025052022023518478520_nomorrumah-mcf_Applicant.jpeg
dalamrumah-mcf;2025052022023518478520_dalamrumah-mcf_Applicant.jpeg
pricelist-mcf;2025052022023518478520_pricelist-mcf_Applicant.jpeg
buktipenghasilanusaha-mcf;2025052022023518478520_buktipenghasilanusaha-mcf_Applicant.jpeg
perizinanusaha-mcf;2025052022023518478520_perizinanusaha-mcf_Applicant.jpeg
buktikepemilikanusaha-mcf;2025052022023518478520_buktikepemilikanusaha-mcf_Applicant.jpeg
pbbrekening-mcf;2025051622021302519475_pbbrekening-mcf_Applicant.jpeg
kksuratnikah-mcf;2025051622021302519475_kksuratnikah-mcf_Applicant.jpeg
halamandepanbukutabungan-mcf;2025051622021302519475_halamandepanbukutabungan-mcf_Applicant.jpeg
fpkbelakang-mcf;2025051622021302519475_fpkbelakang-mcf_Applicant.jpeg
fpkdepan-mcf;2025051622021302519475_fpkdepan-mcf_Applicant.jpeg
tempatusahadepan-mcf;2025051622021302519475_tempatusahadepan-mcf_Applicant.jpeg
rumahdepan-mcf;2025051622021302519475_rumahdepan-mcf_Applicant.jpeg
pasanganttdcmo-mcf;2025051622021302519475_pasanganttdcmo-mcf_Applicant.jpeg
nasabahttdcmo-mcf;2025051622021302519475_nasabahttdcmo-mcf_Applicant.jpeg
allobank-mcf;2025051622021302519475_allobank-mcf_Applicant.jpeg
rumahjalan-mcf;2025051622021302519475_rumahjalan-mcf_Applicant.jpeg
salaryslip-mcf;2025051622021302519475_salaryslip-mcf_Applicant.jpeg
nomorrumah-mcf;2025051622021302519475_nomorrumah-mcf_Applicant.jpeg
dalamrumah-mcf;2025051622021302519475_dalamrumah-mcf_Applicant.jpeg
pricelist-mcf;2025051622021302519475_pricelist-mcf_Applicant.jpeg
buktipenghasilanusaha-mcf;2025051622021302519475_buktipenghasilanusaha-mcf_Applicant.jpeg
perizinanusaha-mcf;2025051622021302519475_perizinanusaha-mcf_Applicant.jpeg
buktikepemilikanusaha-mcf;2025051622021302519475_buktikepemilikanusaha-mcf_Applicant.jpeg
pbbrekening-mcf;2025051622023120090162_pbbrekening-mcf_Applicant.jpeg
kksuratnikah-mcf;2025051622023120090162_kksuratnikah-mcf_Applicant.jpeg
halamandepanbukutabungan-mcf;2025051622023120090162_halamandepanbukutabungan-mcf_Applicant.jpeg
fpkbelakang-mcf;2025051622023120090162_fpkbelakang-mcf_Applicant.jpeg
fpkdepan-mcf;2025051622023120090162_fpkdepan-mcf_Applicant.jpeg
tempatusahadepan-mcf;2025051622023120090162_tempatusahadepan-mcf_Applicant.jpeg
rumahdepan-mcf;2025051622023120090162_rumahdepan-mcf_Applicant.jpeg
pasanganttdcmo-mcf;2025051622023120090162_pasanganttdcmo-mcf_Applicant.jpeg
nasabahttdcmo-mcf;2025051622023120090162_nasabahttdcmo-mcf_Applicant.jpeg
allobank-mcf;2025051622023120090162_allobank-mcf_Applicant.jpeg
rumahjalan-mcf;2025051622023120090162_rumahjalan-mcf_Applicant.jpeg
salaryslip-mcf;2025051622023120090162_salaryslip-mcf_Applicant.jpeg
nomorrumah-mcf;2025051622023120090162_nomorrumah-mcf_Applicant.jpeg
dalamrumah-mcf;2025051622023120090162_dalamrumah-mcf_Applicant.jpeg
pricelist-mcf;2025051622023120090162_pricelist-mcf_Applicant.jpeg
pbbrekening-mcf;2025051622024400770700_pbbrekening-mcf_Applicant.jpeg
kksuratnikah-mcf;2025051622024400770700_kksuratnikah-mcf_Applicant.jpeg
halamandepanbukutabungan-mcf;2025051622024400770700_halamandepanbukutabungan-mcf_Applicant.jpeg
fpkbelakang-mcf;2025051622024400770700_fpkbelakang-mcf_Applicant.jpeg
fpkdepan-mcf;2025051622024400770700_fpkdepan-mcf_Applicant.jpeg
tempatusahadepan-mcf;2025051622024400770700_tempatusahadepan-mcf_Applicant.jpeg
rumahdepan-mcf;2025051622024400770700_rumahdepan-mcf_Applicant.jpeg
halamandepanbukutabungan-mcf;2025051622025142433596_halamandepanbukutabungan-mcf_Applicant.jpeg
fpkbelakang-mcf;2025051622025142433596_fpkbelakang-mcf_Applicant.jpeg
fpkdepan-mcf;2025051622025142433596_fpkdepan-mcf_Applicant.jpeg
tempatusahadepan-mcf;2025051622025142433596_tempatusahadepan-mcf_Applicant.jpeg
rumahdepan-mcf;2025051622025142433596_rumahdepan-mcf_Applicant.jpeg
pasanganttdcmo-mcf;2025051622025142433596_pasanganttdcmo-mcf_Applicant.jpeg
nasabahttdcmo-mcf;2025051622025142433596_nasabahttdcmo-mcf_Applicant.jpeg
allobank-mcf;2025051622025142433596_allobank-mcf_Applicant.jpeg
rumahjalan-mcf;2025051622025142433596_rumahjalan-mcf_Applicant.jpeg
salaryslip-mcf;2025051622025142433596_salaryslip-mcf_Applicant.jpeg
nomorrumah-mcf;2025051622025142433596_nomorrumah-mcf_Applicant.jpeg
dalamrumah-mcf;2025051622025142433596_dalamrumah-mcf_Applicant.jpeg
pricelist-mcf;2025051622025142433596_pricelist-mcf_Applicant.jpeg
pbbrekening-mcf;2025051522024270251080_pbbrekening-mcf_Applicant.jpeg
kksuratnikah-mcf;2025051522024270251080_kksuratnikah-mcf_Applicant.jpeg
halamandepanbukutabungan-mcf;2025051522024270251080_halamandepanbukutabungan-mcf_Applicant.jpeg
fpkbelakang-mcf;2025051522024270251080_fpkbelakang-mcf_Applicant.jpeg
fpkdepan-mcf;2025051522024270251080_fpkdepan-mcf_Applicant.jpeg
tempatusahadepan-mcf;2025051522024270251080_tempatusahadepan-mcf_Applicant.jpeg
pasanganttdcmo-mcf;2025051622024400770700_pasanganttdcmo-mcf_Applicant.jpeg
nasabahttdcmo-mcf;2025051622024400770700_nasabahttdcmo-mcf_Applicant.jpeg
allobank-mcf;2025051622024400770700_allobank-mcf_Applicant.jpeg
rumahjalan-mcf;2025051622024400770700_rumahjalan-mcf_Applicant.jpeg
salaryslip-mcf;2025051622024400770700_salaryslip-mcf_Applicant.jpeg
nomorrumah-mcf;2025051622024400770700_nomorrumah-mcf_Applicant.jpeg
dalamrumah-mcf;2025051622024400770700_dalamrumah-mcf_Applicant.jpeg
pricelist-mcf;2025051622024400770700_pricelist-mcf_Applicant.jpeg
pbbrekening-mcf;2025051622025142433596_pbbrekening-mcf_Applicant.jpeg
kksuratnikah-mcf;2025051622025142433596_kksuratnikah-mcf_Applicant.jpeg
nomorrumah-mcf;2025051522022204717305_nomorrumah-mcf_Applicant.jpeg
dalamrumah-mcf;2025051522022204717305_dalamrumah-mcf_Applicant.jpeg
pricelist-mcf;2025051522022204717305_pricelist-mcf_Applicant.jpeg
